Titre,Prix
2022 New I Phone 14 Pro Max Iphone 14 14 Pro Iphone 14 Pro Max Phone Original,"TND2,978.5"
"Apple iPhone 14 A15 6.1"" Dual eSIM 6GB RAM 128/256 /512GB ROM OLED Face ID NFC iphoen14 5G Original Unlocked Smart Phone","TND2,380.62"
"98% New iPhone 14 5G 6.1"" Dual-eSIM 128/256/512GB 6GB RAM iPhone14 Genuine Super Retina OLED Face ID NFC A15 5G Unlocked","TND2,032.94"
"98% New Original iPhone 14 Pro Max 5G 6.7"" Dual eSIM 128/256/512GB 1TB ROM 6GB RAM Genuine Retina OLED Face ID NFC A15 14ProMax","TND3,186.65"
Joyroom Crystal Transparent Case For iPhone 15 14 Pro Max Back PC+TPU Anti-Yellowing Full Lens Clear Cover For iPhone 14 Pro,TND14.54
"Apple iPhone 14 Plus OLED Face ID NFC A15 5G 6.7"" Dual eSIM 128/256/512GB ROM 6GB RAM Original Unlocked Smart Phone iphoen14p","TND2,551.89"
Original For Iphone 14 Pro Max 5G 256gb 512gb 1tb Factory unlocked,"TND2,978.5"
"98% New Original iPhone 14 Pro 6.1"" 5G Dual eSIM 128/256/512GB 1TB ROM 6GB RAM Genuine Super Retina OLED Face ID NFC A15 14Pro","TND2,774.57"
New original mobile phone 5G unlocked Iphone 14 pro max 14 pro 14 plus,"TND2,978.5"
Original 20W USB-C Power Adapter For iphone 14 13 mini Pro Max Type C fast charger for Apple Cable for iPhone 8 Plus X XS 11 12,TND17.13
"Original Used Unlock Apple iPhone 14 Pro 128/256/512GB/1T ROM 6GB RAM Nano-SIM and Dual eSIM 6.7"" Genuine Retina OLED Face ID","TND3,004.64"
"98% New Original iPhone 14 Plus 5G 6.7"" Dual eSIM 128/256/512GB ROM 6GB RAM Genuine Super Retina OLED Face ID NFC A15 14Plus","TND2,268.61"
2022 NEW Condition Apple iPhone 14 Pro MAX 8GB RAM 128GB/256GB/512GB/1TB 6.7'' Super Retina XDR Display 5G Mobile,"TND3,919.28"
100% NEW Condition Apple iPhone 14 Pro 128GB / 256GB / 512GB /1TB ROM 2022 A16 Bionic Chip 6.1'' OLED Display Face ID 5G Mobile,"TND4,826.7"
TULONG For IPhone 13 Pro Max Shockproof Bumper Clear Phone Case for IPhone 14 12 11 Pro Max XR XS 6 6S 7 8 Plus Matte Hard Cover,TND9.43
Original Wired Headphones For Apple iPhone 14 12 11 13 Pro Max Mini 14 Plus Bluetooth Earphones X XR XS 6 7 8 Plus SE Headset,TND7.67
JASTER Ultra Clear Magnetic Circle Magsafing Case For iPhone 14 13 12 11 Pro Max XS XR 7 8 Plus iPhone Magnetic Macsafe Cases,TND17.1
Luxury Magnetic For Magsafe Wireless Charge Phone Case For iPhone 14 13 12 11 Pro Max Mini 14Plus X XR XS Shockproof Armor Cover,"TND4.16
TND6.6"
Hydrogel Back Film for iPhone 13 11 12 14 Pro Max 7 8 14 Plus Screen Protector for iPhone 14 12Mini 11 PRO X XR XS MAX Not-Glass,TND3.42
Card Bag Transparent Phone Case For iPhone 14 13 11 12 Pro Max XR XS Max X 8 Plus 12 Mini Shockproof Soft Bumper Clear Cover,TND8.1
Ultra Thin Matte Phone Case For iPhone 11 12 13 14 15 Pro max mini Xs Max X Xr iphone SE 2020 7 8 6 Plus Transparent Cover Coque,TND2.52
JASTER Acrylic Case For iPhone 14 13 12 11 Pro Max PC Shockproof Phone Cases Full Lens Protection Cover For iPhone Transparent,TND5.95
5PCS 9D Protective Glass Screen Protector for iPhone 14 13 12 11 Pro Max Mini 7 8 Plus Tempered Glass for IPhone 11 X XR XS MAX,"TND6.57
TND10.93"
Luxury Wireless Charging Magsafe Case For iPhone 14 13 12 11 Pro Max X XR XS 7 8 Plus SE 2020 22 Mini Magnetic Clear Cases Cover,TND3.51
Fashion For Magsafe Clear Case For iPhone 15 14 13 12 11 Pro Max Mini X XS Max XR 7 8 Plus Magnetic Wireless Charge Cases Cover,TND8.03
Luxuxy Plating Transparent Case For iPhone 14 13 12 11 Pro Max Shockproof Soft Silicagel Cover X XR XS 8 7 6 Plus SE Accessories,TND5.46
Simple Colored Transparent TPU Tape Card Bag Phone Case For iphone 14 13 12 11 Pro Max X XR XS SE 7 8 Plus Fashion New Products,TND3.74
Luxury Square Plating Transparent Case For iPhone 14 13 11 12 Pro Max Mini XR X XS Max 14 8 7 Plus SE 2020 Silicone Cover funda,TND4.7
Luxury Electroplated Glitter Lens Protection Hard Case For iPhone 11 12 13 14 15 Pro Max Plus Transparent Cover,TND4.49
3 in 1 30W Wireless Charger Stand For iPhone 14 13 12 Pro Max Apple Watch 8 7 Samsung Watch 5 Airpods Fast Charging Dock Station,TND40.01
Plating For Magsafe Wireless Charge Phone Case For iPhone 15 14 13 11 12 Plus Pro Max Shockproof Soft Silicone Clear Cover,TND8.97
5Pcs Hydrogel Film For iPhone 14 Pro Max 8 7 14 Plus Full Cover Screen Protector For iPhone 13 12 Mini 11 PRO X XS MAX Not Glass,TND5.31
Original Transparent Magnetic For Magsafe Wireless Charger Case For iPhone 14 13 12 11 Pro Max Plus mini X XR Cover Accessories,TND6.51
INS Purple Blue Sunset Snow Mountain Phone Case For iPhone 14 13 12 11 Pro Max XR X XS Natural scenery Shockproof Bumper Cover,TND3.39
3pcs Camera Lens Protector For iPhone 14 Pro Protective Glass iPhone 11 12 13 Pro Max 14 Plus 13 Mini Lens Screen Protector,TND4.33
Minimalist Cartoon Case iPhone 14 13 12 11 Pro Max X XR XS Max 7 8 Plus SE 2020 Duck Shockproof Soft Rear Cover,TND3.39
JASTER Ultra Clear Magnetic Circle Magsafing Case For iPhone 14 13 12 11 Pro Max XS XR 7 8 Plus iPhone Magnetic Macsafe Cases,TND8.13
Soft Skin Feeling Down Jacket Phone Case Suitable for iPhone 14 13 12 11 Pro Max XS X XR 8 7 Plus SE2 Silicone Drop Protection,TND3.65
Clear Phone Case For iPhone 14 Pro Max Case Silicon Soft Cover For iPhone 13 11 12 15 Pro Xs Max Mini 7 8 6S Plus SE XR X Case,"TND1.87
TND3.33"
SmallRig Mobile Video Solutions for iPhone 14 Pro /14 Pro Max SmartPhone Cage for iPhone 14 Pro /14 Pro Max for Videography,TND125.59
Luxury Magnetic Wireless Charging Case For Magsafe For iPhone 14 13 11 12 Pro Max Plus Transparent Plating Silicone Soft Cover,TND5.88
3PCS Privacy Screen Protector For iPhone 14 PRO MAX Anti-Spy Glass For iPhone 13 12 11 XS Max XR 7 8 Plus SE 2022 Tempered Glass,"TND6.45
TND8.84"
Soft Water ripple Phone Case For iPhone 11 12 13 14 Pro Max X Xs XR Max 7 8 Plus SE 2020 2022 Candy Bumper Silicone Cover,TND3.71
50000D Hydrogel Film for iPhone 14 13 12 11 Pro Max Mini 7 8 Plus Screen Protector for iPhone XR X XS MAX SE Back Film Not-Glass,TND6.41
Luxury Deer Leather Phone Case For iPhone 14 13 12 Pro Max Lens Glass Bumper Shockproof Silicone Cellphone Cover Fundas Coque,TND15.38
8K High End Tempered Glass For iPhone 14 13 12 11 Pro Max XS MAX X XR Screen Protector With Alignment Mounting Cover,"TND2.75
TND5.99"
Luxury Magnetic Charging Phone Case For iPhone 13 12 15 14 Pro Max 15 Plus Flip Lens Protection Bracket Cover Magsafe Hard Case,TND12.33
Candy Color Silicone Phone Case For iPhone 14 Pro Max 11 12 13 15 Pro Max X XR XS Max 7 8 Plus Cute Love Heart Frame Soft Cover,TND2.42
6in1 Tempered Glass for iPhone 14 Pro Max 6 7 8 Plus SE Camera Film Screen Protector for iPhone 13 Pro Max XR XS X 11 12 Pro,TND14.11
15W 3 in 1 Magnetic Wireless Charger Pad Stand for iPhone 14 13 12 Pro Max 11 X Apple Watch Airpods Fast Charging Dock Station,TND37.31
Luxury Metal Camera Lens Ring Case For iPhone 15 14 13 12 11 Pro Max X XS Max XR 7 8 Plus SE 3 Transparent Shockproof Back Cover,TND8.25
Luxury Electroplate Transparent Phone Case For iPhone 14 13 12 11 Pro Max Plus X Xs XR Max Bumper Shockproof Clear Cases Cover,TND6.82
Hydrogel Film for IPhone 13 14 Pro Max 12 Mini Screen Protector for iPhone 11 12 PRO XS MAX XR X 8 7 Plus SE Back Film Not-Glass,TND1.74
O-One Piece Clear Phone Case For iPhone 14 Pro Max 13 12 Mini 11 ProMax XR XS X 8 7 6 6S Plus SE 2020 Soft Silicone Back Cover,TND7.75
Soft Silicone Plating Case For Magsafe For iPhone 14 13 12 Mini 11 Pro Xs Max X XR 7 8 Plus Clear Magnetic Wireless Charge,TND7.53
3D Tempered Glass Metal Camera Lens Protector for iPhone 14 Plus 13 Pro Max 12 Mini 11 14Pro iPhone14 Protection Protective Film,TND3.08
Wallet Card Holder bag Phone Case For iPhone 14 Pro Max 11 12 13 mini 15 Plus 14 Pro Max Fundas Cover Soft Silicone Clear Cases,TND2.26
Transparent Phone Case For iPhone 11 12 13 14 15 Pro Max Soft TPU Silicone For iPhone X XS Max XR 8 7 Plus Back Cover Clear Case,TND2.96
Luxury Shockproof Armor Matte Case For iPhone 14 13 11 12 Pro Max Mini XR XS X 7 8 Plus Soft Silicone Bumper Clear Hard PC Cover,TND3.21
15W 3 In 1 Magnetic Wireless Charger Stand Pad For iPhone 14 13 12 Pro Max Apple Watch 8 7 6 Airpods Fast Charging Dock Station,TND50.82
Soft Clear Phone Case For iPhone 11 Case iPhone 13 14 Pro Max 12 Pro Max XS XR X 8 7 14 Plus SE 2022 2020 Butterfly Flower Cover,"TND4.05
TND7.22"
Luxury Bling Glitter Transparent Case For iPhone 14 11 12 13 Pro Max XS X XR 7 8 Plus SE 2020 Mini Shockproof Cases Cover,TND2.8
2Pcs Dual-Layers Design Tempered Glass Camera Lens Protector Film For Iphone 13 14 Pro Max 14 Plus,"TND2.93
TND6.23"
Cartoon Red Man Case For iPhone 14 13 12 11 Pro Max X XR XS Max 7 8 Plus SE 2022 Shockproof Middle Finger Soft Back Cover,TND3.02
Joyroom Magnetic Car Phone Holder Wireless Charger For iPhone 14 13 12 Pro Max Fast Charging Car Charger Holder With Blue Light,"TND60.26
TND133.87"
Liquid Silicone Phone Case for IPhone 14 13 12 11 Pro X XR XS Max SE2020 7 8 Plus Straight Edge Soft Shell TPU Protective Cover,TND3.08
Candy Color Card Slot Bag Phone Case For iPhone 14 13 12 11 Pro Max X XR XS Max 7 8 Plus Transparent Shockproof Case Back Cover,TND2.64
Luxury Plating Lens Protector Clear Phone Case For iPhone 15 14 13 11 12 Pro Max XR XS Max 8 Plus Magnetic Wireless Charge Cover,TND8.25
Luxury Transparent Shockproof Phone Case For iPhone 14 13 12 11 Pro Max X XR XS 7 8 Plus SE2022 Mini Hard Plastic PC Clear Cover,TND2.21
3D HD Back Camera Glass Protectors for iPhone 14 13 11 12 Pro Max Mini 14 Plus Lens Protective Glass Film on IPhone 12 13 14 XS,TND11.77
Luxury Sports car BMW Phone Case For iPhone 14 13 12 Mini 11 Pro Max X XS XR 7 8 SE 2020 Plus Carbon Fiber Glass Hard Cover,TND13.26
Matte Silicone Soft Case For iPhone 14 13 12 Mini 11 Pro XS Max X XR SE 2022 2020 7 8 6S 6 Plus 5S Ultra Thin Back Cover Luxury,TND2.57
Luxury Candy Transparent Phone Case For iPhone 14 13 12 11 Pro Max Plus Bumper Clear Shockproof Cases Cover,TND3.71
M Power-BMW-Car Case for Apple iPhone 12 Mini 7 6S Plus 13 Pro Max SE XS X 8 XR 14 Plus 11 12 Pro 14 Clear Matte Cover Luxury,TND3.27
Original Soft TPU Square Phone Case For Apple iPhone 11 12 13 14 Pro Max mini 7 8 6 Plus XR S 5 SE Shockproof Back Cover,TND0.85
Soft Love Heart Wrist Strap Case For iPhone 14 13 12 11 Pro Max X Xs XR Max 7 8 Plus Hand Band Cases Cover,TND8.47
Luxury Wireless Charge Phone Case For iPhone 14 13 Pro 12 11 14 Pro Max 14 Plus Case Magnetic Matte Bumper Silicone Cover,TND12.02
100D Full Tempered Glass For Apple iPhone 14 Plus 13 mini 12 11 Pro Max Screen Protector iPhone X XR XS Max Protection Glas Film,TND2.86
Oil painting cat Phone Case For iPhone 14 Case 13 12 iPhone11 12 Pro Max XS X XR SE 2020 7 8 Plus 6s 6plus Soft Silicone Cover,TND2.89
20W Magnetic Wireless Charger Fast Charging Pad Stand for iPhone 14 13 12 Pro Max Airpods PD Macsafe Phone Chargers Dock Station,TND14.14
3Pcs 9D Soft Matte Ceramic Film for iPhone 13 14 Pro Max 12 Mini 8 7 Plus Screen Protector for IPhone 11 PRO XR XS MAX Not-Glass,TND1.28
Anime Dragons Balls Soft Case for iPhone 14 11 Pro Max 13 12 Mini XR XS X 8 7 6 6S Plus SE 2020 Silicone Shockproof Back Cover,TND7.78
Fashion Cute Solid Curly Wave Phone Case For iPhone 14 13 12 11 Pro Max X XR XS 8 7 Plus SE 2022 Soft Shockproof Bumper Cover,TND2.68
Colorful Transparent For Magsafe Magnetic Wireless Charging Case for iPhone 14 13 12 11 Pro Max Mini X Xs XR Hard Acrylic Cover,TND4.49
For iPhone 14 pro max phone case magnetic leakage standard new iPhone13 with lens film 14Plus advanced sense 12Pro all-pack case,TND11.76
Hello Astronaut Phone Case For iPhone 15 14 13 12 11 Pro Max Mini X XR XS SE2020 8 7 Plus 6 6S Plus Cover,TND10.81
Simple Solid Wave Pattern Soft Shell Phone Case For iphone 14 13 12 11 Pro Max X XR XSMAX 7 8 Plus TPU Case Cover new products,TND6.17
Anti Spy Hydrogel Film For iPhone 13 12 11 14 Pro Max 6 8 7 Plus Privacy Screen Protectors For iPhone 13 14 Pro XS MAX X XR Film,TND3.39
TULONG Cartoon Phone Case for IPhone 14 13 12 11 Pro Max Mini XR X XS 7 8 SE2020 14Plus Shockproof Matte Soft TPU Silicone Cover,TND6.35
15W Wireless Charger Stand LED RGB Light Desk Lamp Speaker APP Control For iPhone 14 13 12 11 X 8 Samsung Fast Charging Station,TND96.38
