Title,Price
2022 New I Phone 14 Pro Max Iphone 14 14 Pro Iphone 14 Pro Max Phone Original,"TND2,978.5"
"98% New iPhone 14 5G 6.1"" Dual-eSIM 128/256/512GB 6GB RAM iPhone14 Genuine Super Retina OLED Face ID NFC A15 5G Unlocked","TND2,032.94"
"Apple iPhone 14 A15 6.1"" Dual eSIM 6GB RAM 128/256 /512GB ROM OLED Face ID NFC iphoen14 5G Original Unlocked Smart Phone","TND2,380.62"
"98% New Original iPhone 14 Pro Max 5G 6.7"" Dual eSIM 128/256/512GB 1TB ROM 6GB RAM Genuine Retina OLED Face ID NFC A15 14ProMax","TND3,186.65"
Joyroom Crystal Transparent Case For iPhone 15 14 Pro Max Back PC+TPU Anti-Yellowing Full Lens Clear Cover For iPhone 14 Pro,TND14.54
"Apple iPhone 14 Plus OLED Face ID NFC A15 5G 6.7"" Dual eSIM 128/256/512GB ROM 6GB RAM Original Unlocked Smart Phone iphoen14p","TND2,551.89"
Original For Iphone 14 Pro Max 5G 256gb 512gb 1tb Factory unlocked,"TND2,978.5"
"98% New Original iPhone 14 Pro 6.1"" 5G Dual eSIM 128/256/512GB 1TB ROM 6GB RAM Genuine Super Retina OLED Face ID NFC A15 14Pro","TND2,774.57"
New original mobile phone 5G unlocked Iphone 14 pro max 14 pro 14 plus,"TND2,978.5"
2023 new i14 pro max Original phone 7.3 HD Screen Smartphone 16G+1T Mobile Phones 5G Dual Sim Celulares Global Cell Phone,TND235.94
"Original Used Unlock Apple iPhone 14 Pro 128/256/512GB/1T ROM 6GB RAM Nano-SIM and Dual eSIM 6.7"" Genuine Retina OLED Face ID","TND3,004.64"
"98% New Original iPhone 14 Plus 5G 6.7"" Dual eSIM 128/256/512GB ROM 6GB RAM Genuine Super Retina OLED Face ID NFC A15 14Plus","TND2,268.61"
2022 NEW Condition Apple iPhone 14 Pro MAX 8GB RAM 128GB/256GB/512GB/1TB 6.7'' Super Retina XDR Display 5G Mobile,"TND3,919.28"
BEST NEW Appie iPhone 14 Pro 128GB/256GB/512GB Unlockedd SEALED INBOX,"TND2,382.8"
TULONG For IPhone 13 Pro Max Shockproof Bumper Clear Phone Case for IPhone 14 12 11 Pro Max XR XS 6 6S 7 8 Plus Matte Hard Cover,TND9.43
